<?xml version="1.0"?>

<SIMPLE NAME="Multiplexor">

	<FORMS>
		<POLYGON COLOR="#000000">
			<POINT POSX="-15"  POSY="-20"/>
			<POINT POSX="-10"  POSY="-25"/>
			<POINT POSX="10"  POSY="-25"/>
			<POINT POSX="15"  POSY="-20"/>
			<POINT POSX="15"  POSY="20"/>
			<POINT POSX="10"  POSY="25"/>
			<POINT POSX="-10"  POSY="25"/>
			<POINT POSX="-15"  POSY="20"/>
			<POINT POSX="-15"  POSY="-20"/>
		</POLYGON>
		<TEXT		POSX="0"	POSY="0"    HALIGN="CENTER" VALIGN="CENTER" COLOR="#000000">Mux</TEXT>
	</FORMS>


	<IO>
		<INPUT	 COLOR="#000000"    	NAME = "In0"	BITS="32" 	POSX="-15" POSY = "-15"/>
		<INPUT	 COLOR="#000000"    	NAME = "In1"	BITS="32" 	POSX="-15" POSY = "15"/>
		<INPUT	 COLOR="#000000"    	NAME = "Switch" BITS="1" 	POSX="0" POSY = "-25"/>
		<OUTPUT	 COLOR="#000000"    	NAME = "Out"	BITS="32" 	POSX="15" POSY = "0"/>
	</IO>



	<INTERNALS DELAY="8">
		<ACTION EVENT = "INPUT_CHANGE">		        if (Switch == 0) Out = In0;
													else			    Out = In1;
		</ACTION>
	</INTERNALS>


</SIMPLE>
