<?xml version="1.0" encoding="ISO-8859-1"?>
<SIMPLE NAME="Registers" PREFERREDNUMBERFORMAT="Hexadecimal" PREFERREDCYCLELENGTH="100">
    <PARAMETERS/>
    <FORMS>
        <RECTANGLE COLOR="#000000" POSX="-50.0" POSY="-50.0"
            WIDTH="100.0" HEIGHT="100.0" RADIUSX="0.0" RADIUSY="0.0">
            <STROKE/>
        </RECTANGLE>
        <TEXT POSX="0.0" POSY="0.0" HALIGN="CENTER" VALIGN="CENTER"
            COLOR="#000000" FONT="Dialog,plain,12.0">Registers</TEXT>
    </FORMS>
    <IO>
        <INPUT BITS="5" SIGNED="false" POSX="-50.0" POSY="-30.0" NAME="Read0">
            <LABEL POSX="-10.0" POSY="0.0" HALIGN="RIGHT" VALIGN="CENTER"/>
        </INPUT>
        <INPUT BITS="5" SIGNED="false" POSX="-50.0" POSY="-10.0" NAME="Read1">
            <LABEL POSX="-10.0" POSY="0.0" HALIGN="RIGHT" VALIGN="CENTER"/>
        </INPUT>
        <INPUT BITS="5" SIGNED="false" POSX="-50.0" POSY="10.0" NAME="WriteReg">
            <LABEL POSX="-10.0" POSY="0.0" HALIGN="RIGHT" VALIGN="CENTER"/>
        </INPUT>
        <INPUT BITS="32" SIGNED="false" POSX="-50.0" POSY="30.0" NAME="WriteData">
            <LABEL POSX="-10.0" POSY="0.0" HALIGN="RIGHT" VALIGN="CENTER"/>
        </INPUT>
        <INPUT BITS="1" SIGNED="false" POSX="0.0" POSY="-50.0" NAME="RegWrite">
            <LABEL POSX="-10.0" POSY="0.0" HALIGN="RIGHT" VALIGN="CENTER"/>
        </INPUT>
        <OUTPUT BITS="32" SIGNED="false" POSX="50.0" POSY="-20.0" NAME="Reg0">
            <LABEL POSX="10.0" POSY="0.0" HALIGN="LEFT" VALIGN="CENTER"/>
        </OUTPUT>
        <OUTPUT BITS="32" SIGNED="false" POSX="50.0" POSY="20.0" NAME="Reg1">
            <LABEL POSX="10.0" POSY="0.0" HALIGN="LEFT" VALIGN="CENTER"/>
        </OUTPUT>
    </IO>
    <MEMORY>
        <STORAGE NAME="Registers" SIZE="32" BITS="32" SIGNED="false"/>
    </MEMORY>
    <INTERNALS DELAY="9">
        <ACTION EVENT="INPUT_CHANGE">
			{   Reg0 = Registers[Read0];
				Reg1 = Registers[Read1];
			}
		</ACTION>
        <ACTION EVENT="CLOCK_FALLING">
			if (RegWrite)
			{
				Registers[WriteReg] = WriteData;
				if (WriteReg == Read0) Reg0 = WriteData;
				if (WriteReg == Read1) Reg1 = WriteData;
			}
		</ACTION>
    </INTERNALS>
</SIMPLE>
