<?xml version="1.0" encoding="ISO-8859-1"?>
<SIMPLE NAME="And" PREFERREDNUMBERFORMAT="Hexadecimal" PREFERREDCYCLELENGTH="10">
    <PARAMETERS/>
    <FORMS>
        <RECTANGLE COLOR="#009900" POSX="70.0" POSY="70.0" WIDTH="20.0"
            HEIGHT="20.0" RADIUSX="0.0" RADIUSY="0.0">
            <STROKE/>
        </RECTANGLE>
        <TEXT POSX="80.0" POSY="80.0" HALIGN="CENTER" VALIGN="CENTER"
            COLOR="#009900" FONT="Dialog,plain,12.0">&amp;</TEXT>
    </FORMS>
    <IO>
        <INPUT BITS="1" SIGNED="false" POSX="90.0" POSY="70.0" NAME="In0">
            <LABEL POSX="10.0" POSY="0.0" HALIGN="LEFT" VALIGN="CENTER"/>
        </INPUT>
        <INPUT BITS="1" SIGNED="false" POSX="90.0" POSY="90.0" NAME="In1">
            <LABEL POSX="10.0" POSY="0.0" HALIGN="LEFT" VALIGN="CENTER"/>
        </INPUT>
        <OUTPUT BITS="1" SIGNED="false" POSX="70.0" POSY="80.0" NAME="Out">
            <LABEL POSX="-10.0" POSY="0.0" HALIGN="RIGHT" VALIGN="CENTER"/>
        </OUTPUT>
    </IO>
    <MEMORY/>
    <INTERNALS DELAY="1">
        <ACTION EVENT="INPUT_CHANGE">
			Out = In0 &amp;&amp; In1;
		</ACTION>
    </INTERNALS>
</SIMPLE>
