<?xml version="1.0" encoding="UTF-8"?>
<SIMPLE NAME="clock" PREFERREDNUMBERFORMAT="Hexadecimal" PREFERREDCYCLELENGTH="10">
    <PARAMETERS/>
    <FORMS>
        <RECTANGLE COLOR="#666666" POSX="60.0" POSY="40.0" WIDTH="70.0"
            HEIGHT="40.0" RADIUSX="15.0" RADIUSY="15.0">
            <STROKE LINEWIDTH="2.0"/>
        </RECTANGLE>
        <TEXT POSX="95.0" POSY="50.0" HALIGN="CENTER" VALIGN="CENTER"
            COLOR="#000000" FONT="DialogInput,plain,14.0">Clock</TEXT>
        <LINE COLOR="#000000" FROMX="70" FROMY="70" TOX="80" TOY="70">
            <STROKE LINEWIDTH="1.0"/>
        </LINE>
        <LINE COLOR="#000000" FROMX="90" FROMY="60" TOX="90" TOY="70">
            <STROKE LINEWIDTH="1.0"/>
        </LINE>
        <LINE COLOR="#000000" FROMX="110" FROMY="60" TOX="110" TOY="70">
            <STROKE LINEWIDTH="1.0"/>
        </LINE>
        <LINE COLOR="#000000" FROMX="100" FROMY="60" TOX="100" TOY="70">
            <STROKE LINEWIDTH="1.0"/>
        </LINE>
        <LINE COLOR="#000000" FROMX="80" FROMY="60" TOX="90" TOY="60">
            <STROKE LINEWIDTH="1.0"/>
        </LINE>
        <LINE COLOR="#000000" FROMX="90" FROMY="70" TOX="100" TOY="70">
            <STROKE LINEWIDTH="1.0"/>
        </LINE>
        <LINE COLOR="#000000" FROMX="100" FROMY="60" TOX="110" TOY="60">
            <STROKE LINEWIDTH="1.0"/>
        </LINE>
        <LINE COLOR="#000000" FROMX="110" FROMY="70" TOX="120" TOY="70">
            <STROKE LINEWIDTH="1.0"/>
        </LINE>
        <LINE COLOR="#000000" FROMX="80" FROMY="60" TOX="80" TOY="70">
            <STROKE LINEWIDTH="1.0"/>
        </LINE>
    </FORMS>
    <IO>
        <OUTPUT BITS="1" SIGNED="false" POSX="130.0" POSY="60.0" NAME="Clock">
            <LABEL POSX="10.0" POSY="0.0" HALIGN="LEFT" VALIGN="CENTER"/>
        </OUTPUT>
    </IO>
    <MEMORY/>
    <INTERNALS DELAY="1">
        <ACTION EVENT="CLOCK_RISING">Clock = 1;</ACTION>
        <ACTION EVENT="CLOCK_FALLING">Clock = 0;</ACTION>
    </INTERNALS>
</SIMPLE>
