<?xml version="1.0" encoding="ISO-8859-1"?>
<SIMPLE NAME="ID/EX Latch" PREFERREDNUMBERFORMAT="Hexadecimal" PREFERREDCYCLELENGTH="10">
    <PARAMETERS/>
    <FORMS>
        <RECTANGLE COLOR="#00A000" POSX="-10.0" POSY="-320.0"
            WIDTH="20.0" HEIGHT="90.0" RADIUSX="0.0" RADIUSY="0.0">
            <STROKE/>
            <FILL COLOR="#00A000"/>
        </RECTANGLE>
        <RECTANGLE COLOR="#0000C0" POSX="-10.0" POSY="-200.0"
            WIDTH="20.0" HEIGHT="400.0" RADIUSX="0.0" RADIUSY="0.0">
            <STROKE/>
            <FILL COLOR="#0000C0"/>
        </RECTANGLE>
    </FORMS>
    <IO>
        <INPUT BITS="1" SIGNED="false" POSX="-10.0" POSY="-310.0" NAME="RegWriteIn">
            <LABEL POSX="-10.0" POSY="0.0" HALIGN="RIGHT" VALIGN="CENTER"/>
        </INPUT>
        <INPUT BITS="1" SIGNED="false" POSX="-10.0" POSY="-300.0" NAME="MemToRegIn">
            <LABEL POSX="-10.0" POSY="0.0" HALIGN="RIGHT" VALIGN="CENTER"/>
        </INPUT>
        <INPUT BITS="1" SIGNED="false" POSX="-10.0" POSY="-290.0" NAME="MemReadIn">
            <LABEL POSX="-10.0" POSY="0.0" HALIGN="RIGHT" VALIGN="CENTER"/>
        </INPUT>
        <INPUT BITS="1" SIGNED="false" POSX="-10.0" POSY="-280.0" NAME="MemWriteIn">
            <LABEL POSX="-10.0" POSY="0.0" HALIGN="RIGHT" VALIGN="CENTER"/>
        </INPUT>
        <INPUT BITS="1" SIGNED="false" POSX="-10.0" POSY="-270.0" NAME="BranchIn">
            <LABEL POSX="-10.0" POSY="0.0" HALIGN="RIGHT" VALIGN="CENTER"/>
        </INPUT>
        <INPUT BITS="1" SIGNED="false" POSX="-10.0" POSY="-260.0" NAME="RegDstIn">
            <LABEL POSX="-10.0" POSY="0.0" HALIGN="RIGHT" VALIGN="CENTER"/>
        </INPUT>
        <INPUT BITS="5" SIGNED="false" POSX="-10.0" POSY="-250.0" NAME="ALUOpIn">
            <LABEL POSX="-10.0" POSY="0.0" HALIGN="RIGHT" VALIGN="CENTER"/>
        </INPUT>
        <INPUT BITS="1" SIGNED="false" POSX="-10.0" POSY="-240.0" NAME="ALUSrcIn">
            <LABEL POSX="-10.0" POSY="0.0" HALIGN="RIGHT" VALIGN="CENTER"/>
        </INPUT>
        <INPUT BITS="32" SIGNED="false" POSX="-10.0" POSY="-180.0" NAME="In3">
            <LABEL POSX="-10.0" POSY="0.0" HALIGN="RIGHT" VALIGN="CENTER"/>
        </INPUT>
        <INPUT BITS="32" SIGNED="false" POSX="-10.0" POSY="-100.0" NAME="In4">
            <LABEL POSX="-10.0" POSY="0.0" HALIGN="RIGHT" VALIGN="CENTER"/>
        </INPUT>
        <INPUT BITS="32" SIGNED="false" POSX="-10.0" POSY="-60.0" NAME="In5">
            <LABEL POSX="-10.0" POSY="0.0" HALIGN="RIGHT" VALIGN="CENTER"/>
        </INPUT>
        <INPUT BITS="32" SIGNED="false" POSX="-10.0" POSY="60.0" NAME="In6">
            <LABEL POSX="-10.0" POSY="0.0" HALIGN="RIGHT" VALIGN="CENTER"/>
        </INPUT>
        <INPUT BITS="5" SIGNED="false" POSX="-10.0" POSY="130.0" NAME="In7">
            <LABEL POSX="-10.0" POSY="0.0" HALIGN="RIGHT" VALIGN="CENTER"/>
        </INPUT>
        <INPUT BITS="5" SIGNED="false" POSX="-10.0" POSY="160.0" NAME="In8">
            <LABEL POSX="-10.0" POSY="0.0" HALIGN="RIGHT" VALIGN="CENTER"/>
        </INPUT>
        <OUTPUT BITS="1" SIGNED="false" POSX="10.0" POSY="-310.0" NAME="RegWriteOut">
            <LABEL POSX="10.0" POSY="0.0" HALIGN="LEFT" VALIGN="CENTER"/>
        </OUTPUT>
        <OUTPUT BITS="1" SIGNED="false" POSX="10.0" POSY="-300.0" NAME="MemToRegOut">
            <LABEL POSX="10.0" POSY="0.0" HALIGN="LEFT" VALIGN="CENTER"/>
        </OUTPUT>
        <OUTPUT BITS="1" SIGNED="false" POSX="10.0" POSY="-290.0" NAME="MemReadOut">
            <LABEL POSX="10.0" POSY="0.0" HALIGN="LEFT" VALIGN="CENTER"/>
        </OUTPUT>
        <OUTPUT BITS="1" SIGNED="false" POSX="10.0" POSY="-280.0" NAME="MemWriteOut">
            <LABEL POSX="10.0" POSY="0.0" HALIGN="LEFT" VALIGN="CENTER"/>
        </OUTPUT>
        <OUTPUT BITS="1" SIGNED="false" POSX="10.0" POSY="-270.0" NAME="BranchOut">
            <LABEL POSX="10.0" POSY="0.0" HALIGN="LEFT" VALIGN="CENTER"/>
        </OUTPUT>
        <OUTPUT BITS="1" SIGNED="false" POSX="10.0" POSY="-260.0" NAME="RegDstOut">
            <LABEL POSX="10.0" POSY="0.0" HALIGN="LEFT" VALIGN="CENTER"/>
        </OUTPUT>
        <OUTPUT BITS="5" SIGNED="false" POSX="10.0" POSY="-250.0" NAME="ALUOpOut">
            <LABEL POSX="10.0" POSY="0.0" HALIGN="LEFT" VALIGN="CENTER"/>
        </OUTPUT>
        <OUTPUT BITS="1" SIGNED="false" POSX="10.0" POSY="-240.0" NAME="ALUSrcOut">
            <LABEL POSX="10.0" POSY="0.0" HALIGN="LEFT" VALIGN="CENTER"/>
        </OUTPUT>
        <OUTPUT BITS="32" SIGNED="false" POSX="10.0" POSY="-180.0" NAME="Out3">
            <LABEL POSX="10.0" POSY="0.0" HALIGN="LEFT" VALIGN="CENTER"/>
        </OUTPUT>
        <OUTPUT BITS="32" SIGNED="false" POSX="10.0" POSY="-100.0" NAME="Out4">
            <LABEL POSX="10.0" POSY="0.0" HALIGN="LEFT" VALIGN="CENTER"/>
        </OUTPUT>
        <OUTPUT BITS="32" SIGNED="false" POSX="10.0" POSY="-60.0" NAME="Out5">
            <LABEL POSX="10.0" POSY="0.0" HALIGN="LEFT" VALIGN="CENTER"/>
        </OUTPUT>
        <OUTPUT BITS="32" SIGNED="false" POSX="10.0" POSY="60.0" NAME="Out6">
            <LABEL POSX="10.0" POSY="0.0" HALIGN="LEFT" VALIGN="CENTER"/>
        </OUTPUT>
        <OUTPUT BITS="5" SIGNED="false" POSX="10.0" POSY="130.0" NAME="Out7">
            <LABEL POSX="10.0" POSY="0.0" HALIGN="LEFT" VALIGN="CENTER"/>
        </OUTPUT>
        <OUTPUT BITS="5" SIGNED="false" POSX="10.0" POSY="160.0" NAME="Out8">
            <LABEL POSX="10.0" POSY="0.0" HALIGN="LEFT" VALIGN="CENTER"/>
        </OUTPUT>
        <INPUT BITS="5" SIGNED="false" POSX="-10.0" POSY="40.0" NAME="RSin">
            <LABEL POSX="-10.0" POSY="0.0" HALIGN="RIGHT" VALIGN="CENTER"/>
        </INPUT>
        <OUTPUT BITS="5" SIGNED="false" POSX="10.0" POSY="40.0" NAME="RSout">
            <LABEL POSX="10.0" POSY="0.0" HALIGN="LEFT" VALIGN="CENTER"/>
        </OUTPUT>
        <INPUT BITS="5" SIGNED="false" POSX="-10.0" POSY="50.0" NAME="RTin">
            <LABEL POSX="-10.0" POSY="0.0" HALIGN="RIGHT" VALIGN="CENTER"/>
        </INPUT>
        <OUTPUT BITS="5" SIGNED="false" POSX="10.0" POSY="50.0" NAME="RTout">
            <LABEL POSX="10.0" POSY="0.0" HALIGN="LEFT" VALIGN="CENTER"/>
        </OUTPUT>
    </IO>
    <MEMORY>
        <STORAGE NAME="FirstCycle" SIZE="1" BITS="1" SIGNED="false"/>
    </MEMORY>
    <INTERNALS DELAY="5">
        <ACTION EVENT="CLOCK_RISING">if (FirstCycle[0])
{
	RSout = 0;
	RTout = 0;
	RegWriteOut =   0;
	MemToRegOut =   0;
	MemReadOut =    0;
	MemWriteOut =   0;
	BranchOut =	    0;
	RegDstOut =	    0;
	ALUOpOut =	    0;
	ALUSrcOut =	    0;
	Out3 =          0;
	Out4 =          0;
	Out5 =          0;
	Out6 =          0;
	Out7 =          0;
	Out8 =          0;
	FirstCycle[0] = 0;
}
else
{
	RSout = RSin;
	RTout = RTin;
	RegWriteOut =   RegWriteIn;
	MemToRegOut =   MemToRegIn;
	MemReadOut =    MemReadIn;
	MemWriteOut =   MemWriteIn;
	BranchOut =	    BranchIn;
	RegDstOut =	    RegDstIn;
	ALUOpOut =	    ALUOpIn;
	ALUSrcOut =	    ALUSrcIn;
	Out3 =          In3;
	Out4 =          In4;
	Out5 =          In5;
	Out6 =          In6;
	Out7 =          In7;
	Out8 =          In8;
}
		</ACTION>
    </INTERNALS>
</SIMPLE>
