<?xml version="1.0" encoding="ISO-8859-1"?>
<SIMPLE NAME="Instruction Memory" PREFERREDNUMBERFORMAT="Hexadecimal" PREFERREDCYCLELENGTH="10">
    <PARAMETERS/>
    <FORMS>
        <RECTANGLE COLOR="#000000" POSX="-40.0" POSY="-40.0"
            WIDTH="80.0" HEIGHT="80.0" RADIUSX="0.0" RADIUSY="0.0">
            <STROKE/>
        </RECTANGLE>
        <TEXT POSX="0.0" POSY="-10.0" HALIGN="CENTER" VALIGN="CENTER"
            COLOR="#000000" FONT="Dialog,plain,12.0">Instruction</TEXT>
        <TEXT POSX="0.0" POSY="10.0" HALIGN="CENTER" VALIGN="CENTER"
            COLOR="#000000" FONT="Dialog,plain,12.0">Memory </TEXT>
    </FORMS>
    <IO>
        <INPUT BITS="32" SIGNED="false" POSX="-40.0" POSY="-20.0" NAME="Address">
            <LABEL POSX="-10.0" POSY="0.0" HALIGN="RIGHT" VALIGN="CENTER"/>
        </INPUT>
        <OUTPUT BITS="32" SIGNED="false" POSX="40.0" POSY="0.0" NAME="Data">
            <LABEL POSX="10.0" POSY="0.0" HALIGN="LEFT" VALIGN="CENTER"/>
        </OUTPUT>
    </IO>
    <MEMORY>
        <STORAGE NAME="Memory" SIZE="300" BITS="32" SIGNED="false"/>
    </MEMORY>
    <INTERNALS DELAY="8">
        <ACTION EVENT="INPUT_CHANGE">
				if ((Address &gt;&gt; 2) &lt; 300) Data = Memory[Address &gt;&gt; 2];
			</ACTION>
    </INTERNALS>
</SIMPLE>
