<?xml version="1.0" encoding="ISO-8859-1"?>
<SIMPLE NAME="Sign Extender" PREFERREDNUMBERFORMAT="Hexadecimal" PREFERREDCYCLELENGTH="10">
    <PARAMETERS/>
    <FORMS>
        <ELLIPSE COLOR="#000000" POSX="0.0" POSY="0.0" RADIUSX="20.0" RADIUSY="30.0">
            <STROKE/>
        </ELLIPSE>
        <TEXT POSX="0.0" POSY="-10.0" HALIGN="CENTER" VALIGN="CENTER"
            COLOR="#000000" FONT="Dialog,plain,12.0">Sign</TEXT>
        <TEXT POSX="0.0" POSY="10.0" HALIGN="CENTER" VALIGN="CENTER"
            COLOR="#000000" FONT="Dialog,plain,12.0">ext.</TEXT>
    </FORMS>
    <IO>
        <INPUT BITS="16" SIGNED="false" POSX="-20.0" POSY="0.0" NAME="In">
            <LABEL POSX="-10.0" POSY="0.0" HALIGN="RIGHT" VALIGN="CENTER"/>
        </INPUT>
        <OUTPUT BITS="32" SIGNED="false" POSX="20.0" POSY="0.0" NAME="Out">
            <LABEL POSX="10.0" POSY="0.0" HALIGN="LEFT" VALIGN="CENTER"/>
        </OUTPUT>
    </IO>
    <MEMORY/>
    <INTERNALS DELAY="11">
        <ACTION EVENT="INPUT_CHANGE">
									if (In &amp; 0x8000) Out = (32 bit)(In) |0xFFFF0000;
								    else				Out = In;
		</ACTION>
    </INTERNALS>
</SIMPLE>
