<?xml version="1.0" encoding="ISO-8859-1"?>
<SIMPLE NAME="Value" PREFERREDNUMBERFORMAT="Hexadecimal" PREFERREDCYCLELENGTH="10">
    <PARAMETERS/>
    <FORMS>
        <TEXT POSX="0.0" POSY="0.0" HALIGN="CENTER" VALIGN="CENTER"
            COLOR="#000000" FONT="Dialog,plain,12.0">-4</TEXT>
    </FORMS>
    <IO>
        <OUTPUT BITS="32" SIGNED="false" POSX="10.0" POSY="0.0" NAME="Value">
            <LABEL POSX="10.0" POSY="0.0" HALIGN="LEFT" VALIGN="CENTER"/>
        </OUTPUT>
    </IO>
    <MEMORY/>
    <INTERNALS DELAY="11">
        <ACTION EVENT="INIT">Value = -4;
		</ACTION>
    </INTERNALS>
</SIMPLE>
