<?xml version="1.0"?>

<SIMPLE NAME="IF/ID Latch">
	<FORMS>
		<RECTANGLE POSX="-10" POSY = "-200" WIDTH="20" HEIGHT="400" COLOR="#0000C0" FILLED="true"/>
	</FORMS>


	<IO>
		<INPUT	 COLOR="#000000"    	NAME = "In0" BITS="32" 	POSX="-10" POSY = "-180"/>
		<INPUT	 COLOR="#000000"    	NAME = "In1" BITS="32" 	POSX="-10" POSY = "-80"/>

		<OUTPUT	 COLOR="#000000"    	NAME = "Out0" BITS="32" 	POSX="10" POSY = "-180"/>
		<OUTPUT	 COLOR="#000000"    	NAME = "Out1" BITS="32" 	POSX="10" POSY = "-80"/>
	</IO>

	<MEMORY>
		<STORAGE NAME="FirstCycle" BITS="1" SIZE="1"/>
	</MEMORY>

	<INTERNALS DELAY="6">
		<ACTION EVENT = "CLOCK_RISING">
		if (FirstCycle[0])
		{
			Out0 = 0;
			Out1 = 0;
			FirstCycle[0] = 0;
		}
		else
		{
			Out0 = In0;
			Out1 = In1;
		}
		</ACTION>
	</INTERNALS>
</SIMPLE>
