<?xml version="1.0" encoding="ISO-8859-1"?>
<SIMPLE NAME="Instruction Decoder" PREFERREDNUMBERFORMAT="Hexadecimal" PREFERREDCYCLELENGTH="10">
    <PARAMETERS/>
    <FORMS>
        <LINE COLOR="#000000" FROMX="0" FROMY="-30" TOX="0" TOY="220">
            <STROKE LINEWIDTH="2.0" LINEJOIN="2" ENDCAP="0"/>
        </LINE>
    </FORMS>
    <IO>
        <INPUT BITS="32" SIGNED="false" POSX="0.0" POSY="30.0" NAME="Instruction">
            <LABEL POSX="-10.0" POSY="0.0" HALIGN="RIGHT" VALIGN="CENTER"/>
        </INPUT>
        <OUTPUT BITS="32" SIGNED="false" POSX="0.0" POSY="-30.0" NAME="Out32">
            <LABEL POSX="10.0" POSY="0.0" HALIGN="LEFT" VALIGN="CENTER"/>
        </OUTPUT>
        <OUTPUT BITS="5" SIGNED="false" POSX="0.0" POSY="0.0" NAME="RS">
            <LABEL POSX="10.0" POSY="0.0" HALIGN="LEFT" VALIGN="CENTER"/>
        </OUTPUT>
        <OUTPUT BITS="5" SIGNED="false" POSX="0.0" POSY="20.0" NAME="RT">
            <LABEL POSX="10.0" POSY="0.0" HALIGN="LEFT" VALIGN="CENTER"/>
        </OUTPUT>
        <OUTPUT BITS="16" SIGNED="false" POSX="0.0" POSY="125.0" NAME="Immediate">
            <LABEL POSX="10.0" POSY="0.0" HALIGN="LEFT" VALIGN="CENTER"/>
        </OUTPUT>
        <OUTPUT BITS="5" SIGNED="false" POSX="0.0" POSY="190.0" NAME="RD">
            <LABEL POSX="10.0" POSY="0.0" HALIGN="LEFT" VALIGN="CENTER"/>
        </OUTPUT>
        <OUTPUT BITS="5" SIGNED="false" POSX="0.0" POSY="220.0" NAME="RT2">
            <LABEL POSX="10.0" POSY="0.0" HALIGN="LEFT" VALIGN="CENTER"/>
        </OUTPUT>
    </IO>
    <MEMORY/>
    <INTERNALS DELAY="1">
        <ACTION EVENT="INPUT_CHANGE">
			{
	Out32 = Instruction;
	RS = Instruction &gt;&gt; 0d21;
	RT2 = RT = Instruction &gt;&gt; 0d16;
	RD = Instruction &gt;&gt; 0d11;
	Immediate = Instruction;
}
		</ACTION>
    </INTERNALS>
</SIMPLE>
